period_years,total_return,benchmark_total_return,excess_return,cagr,benchmark_cagr,volatility,benchmark_volatility,sharpe_ratio,benchmark_sharpe,sortino_ratio,max_drawdown,benchmark_max_drawdown,information_ratio,alpha,beta,hit_rate,win_loss_ratio
6.0,1.0332713034235243e+36,0.13826383340901693,1.0332713034235243e+36,1005468.8707600107,0.02181864476688311,0.8641744694535646,0.17311056852820064,16.811210343800376,0.06693897209036113,421.5095571230263,-0.033464513665361455,-0.4856601652318353,16.586242140038266,14.525731689738658,0.18011030133081987,0.8452380952380952,7.773312636568836
