regime,days,portfolio_return,benchmark_return,excess_return,hit_rate
Bull,1037,0.05968105757138476,0.005622567904458268,0.054058489666926494,0.7762777242044359
Bear,475,0.053531907319641664,-0.011812791275435136,0.0653446985950768,0.9957894736842106
